"id";"title";"content";"image";"createdAt"
"1";"Misa à jour de Unity 2018";"Place-Hold.IT is a server-side image rendering tool that allows web developers and designers alike to dynamically create images to be used as placeholders in a project. The only required parameter is a number for the image's width. Of course, you also have the ability to supply more parameters, such as height, colors, text, file-type and more!";"http://place-hold.it/400x200";"2018-09-14 15:58:43"
"2";"Des problèmes avec la RAM de Photoshop";"and you have yourself a nice little placeholder image! Note that if you only supply one number, Place-Hold.IT will make a square. Supply a height as well, like this:

http://place-hold.it/300x500

and Place-Hold.IT will make a super awesome rectangle for you!

Be sure to check out the support section below for all of the other parameters you can specify with Place-Hold.IT. Enjoy!";"http://place-hold.it/400x200
";"2018-09-14 15:59:57"
"3";"Des nouvautées sur Cubase 9";"Le formulaire en lui-même n'a donc comme seul objectif que d'hydrater un objet. Ce n'est qu'une fois l'objet hydraté que vous pourrez en faire ce que vous voudrez : enregistrer en base de données dans le cas de notre objetAdvert, envoyer un e-mail dans le cas d'un objetContact, etc. Le système de formulaire ne s'occupe pas de ce que vous faites de votre objet, il ne fait que l'hydrater.";"https://via.placeholder.com/350x150";"2018-09-15 10:23:00"
